<?xml version="1.0" encoding="UTF-8" ?>
<!DOCTYPE mapper
  PUBLIC "-//mybatis.org//DTD Mapper 3.0//EN"
  "http://mybatis.org/dtd/mybatis-3-mapper.dtd">
<mapper namespace="memo">
	
	<!--목록을 만들기 위한 SELECT-->	
	<select id="total" resultType="mybatis.vo.MemoVO">
		SELECT * FROM memo_t
		ORDER BY idx DESC
		
	</select>

	<!--저장을 위한 INSERT-->	
	<insert id="add" parameterType="mybatis.vo.MemoVO">
		INSERT INTO memo_t(idx, writer, content, reg_date, ip)
		VALUES(memo_seq.nextval, #{writer}, #{content}, sysdate, #{ip})
	</insert>
	
	<!--보기를 만들기 위한 SELECT-->	
		<select id="selected_view" resultType="mybatis.vo.MemoVO" parameterType="mybatis.vo.MemoVO">
			SELECT writer, reg_date, content FROM memo_t
			WHERE idx = #{idx}
		</select>
		
	<!--검색을 위한 SELECT(동적쿼리 활용)-->
	
		
		
	<!--수정을 위한 UPDATE-->
		<update id="edit" parameterType="java.util.Map">
			UPDATE memo_t
			<trim prefix="SET" suffixOverrides=",">
				<if test="writer != null">
					writer = #{writer},
				</if>
				<if test="reg_date != null">
					reg_date = #{reg_date},
				</if>
				<if test="content != null">
					content = #{content},
				</if>
			</trim>
			WHERE idx = #{idx}
		</update>
		
</mapper>